fecha,departamento,tecnologia,prediccion_mwh
2024-12-31,Atlántico,Eólica,1653.8120563455443
2025-01-01,Atlántico,Eólica,1506.7763459109979
2025-01-02,Atlántico,Eólica,1369.5985466457666
2025-01-03,Atlántico,Eólica,1459.06725651982
2025-01-04,Atlántico,Eólica,1529.6540414048409
2025-01-05,Atlántico,Eólica,1426.196426453171
2025-01-06,Atlántico,Eólica,1555.9900206480986
2025-01-07,Atlántico,Eólica,1465.8550003474713
2025-01-08,Atlántico,Eólica,1487.0245257115575
2025-01-09,Atlántico,Eólica,1531.901317608385
2025-01-10,Atlántico,Eólica,1493.4885299603043
2025-01-11,Atlántico,Eólica,1537.6588333480886
2025-01-12,Atlántico,Eólica,1455.826694265314
2025-01-13,Atlántico,Eólica,1484.868906145957
2025-01-14,Atlántico,Eólica,1464.773968484368
2025-01-15,Atlántico,Eólica,1456.056386407341
2025-01-16,Atlántico,Eólica,1397.8255661377439
2025-01-17,Atlántico,Eólica,1448.6667168202625
2025-01-18,Atlántico,Eólica,1348.0092678261772
2025-01-19,Atlántico,Eólica,1382.6590952918878
2025-01-20,Atlántico,Eólica,1402.4446325286426
2025-01-21,Atlántico,Eólica,1366.2660831927121
2025-01-22,Atlántico,Eólica,1378.476793416225
2025-01-23,Atlántico,Eólica,1356.378685560541
2025-01-24,Atlántico,Eólica,1362.9960434615707
2025-01-25,Atlántico,Eólica,1379.023307123746
2025-01-26,Atlántico,Eólica,1371.266856072441
2025-01-27,Atlántico,Eólica,1384.0105148982054
2025-01-28,Atlántico,Eólica,1385.4572023176993
2025-01-29,Atlántico,Eólica,1423.6740113332999
2025-01-30,Atlántico,Eólica,1459.728626235694
2025-01-31,Atlántico,Eólica,1359.0321619018625
2025-02-01,Atlántico,Eólica,1574.567265675361
2025-02-02,Atlántico,Eólica,1552.7596050541472
2025-02-03,Atlántico,Eólica,1588.128193638504
2025-02-04,Atlántico,Eólica,1615.0742545645135
2025-02-05,Atlántico,Eólica,1668.121946668622
2025-02-06,Atlántico,Eólica,1619.2632464581986
2025-02-07,Atlántico,Eólica,1639.3528477689786
2025-02-08,Atlántico,Eólica,1663.7626607470697
2025-02-09,Atlántico,Eólica,1617.3599898095429
2025-02-10,Atlántico,Eólica,1641.0082712942392
2025-02-11,Atlántico,Eólica,1644.129886606481
2025-02-12,Atlántico,Eólica,1614.2582506822005
2025-02-13,Atlántico,Eólica,1560.0281644596475
2025-02-14,Atlántico,Eólica,1536.4286071223532
2025-02-15,Atlántico,Eólica,1578.7862523709582
2025-02-16,Atlántico,Eólica,1638.8535372528809
2025-02-17,Atlántico,Eólica,1531.2843646077527
2025-02-18,Atlántico,Eólica,1453.6441806834155
2025-02-19,Atlántico,Eólica,1608.733057512128
2025-02-20,Atlántico,Eólica,1529.0933995390164
2025-02-21,Atlántico,Eólica,1437.7552098080905
2025-02-22,Atlántico,Eólica,1493.6410496067203
2025-02-23,Atlántico,Eólica,1452.8325137681534
2025-02-24,Atlántico,Eólica,1471.8032883406856
2025-02-25,Atlántico,Eólica,1479.9772676834384
2025-02-26,Atlántico,Eólica,1507.4521303087724
2025-02-27,Atlántico,Eólica,1492.591135409994
2025-02-28,Atlántico,Eólica,1504.1825960014319
2025-03-01,Atlántico,Eólica,1540.9748221735663
2025-03-02,Atlántico,Eólica,1545.1068424765429
2025-03-03,Atlántico,Eólica,1637.7483537137375
2025-03-04,Atlántico,Eólica,1707.2797579786281
2025-03-05,Atlántico,Eólica,1581.1958749882197
2025-03-06,Atlántico,Eólica,1597.4003195441835
2025-03-07,Atlántico,Eólica,1684.5120535098465
2025-03-08,Atlántico,Eólica,1695.3224070955362
2025-03-09,Atlántico,Eólica,1638.5795149180597
2025-03-10,Atlántico,Eólica,1678.5488952488042
2025-03-11,Atlántico,Eólica,1662.5886240986015
2025-03-12,Atlántico,Eólica,1688.899668964464
2025-03-13,Atlántico,Eólica,1593.9167770617096
2025-03-14,Atlántico,Eólica,1663.9889783596304
2025-03-15,Atlántico,Eólica,1646.8215833621648
2025-03-16,Atlántico,Eólica,1581.8840320335023
2025-03-17,Atlántico,Eólica,1511.5327876671922
2025-03-18,Atlántico,Eólica,1477.3282965330536
2025-03-19,Atlántico,Eólica,1596.5550194009243
2025-03-20,Atlántico,Eólica,1503.998089688295
2025-03-21,Atlántico,Eólica,1430.5247916320786
2025-03-22,Atlántico,Eólica,1530.3408378517909
2025-03-23,Atlántico,Eólica,1528.184535850457
2025-03-24,Atlántico,Eólica,1449.3606183772504
2025-03-25,Atlántico,Eólica,1459.0875919603855
2025-03-26,Atlántico,Eólica,1443.7405000216916
2025-03-27,Atlántico,Eólica,1463.4161734885845
2025-03-28,Atlántico,Eólica,1517.929466763211
2025-03-29,Atlántico,Eólica,1493.7181449427612
2025-03-30,Atlántico,Eólica,1545.0360923419678
2025-03-31,Atlántico,Eólica,1520.5146639713466
2025-04-01,Atlántico,Eólica,1387.6786221203977
2025-04-02,Atlántico,Eólica,1410.386247381568
2025-04-03,Atlántico,Eólica,1487.1400091552684
2025-04-04,Atlántico,Eólica,1401.5111855494467
2025-04-05,Atlántico,Eólica,1403.9636982116074
2025-04-06,Atlántico,Eólica,1457.7840934426567
2025-04-07,Atlántico,Eólica,1375.3345922538774
2025-04-08,Atlántico,Eólica,1468.49405499518
2025-04-09,Atlántico,Eólica,1366.4350611152684
2025-04-10,Atlántico,Eólica,1404.5128172676777
2025-04-11,Atlántico,Eólica,1420.7374228268661
2025-04-12,Atlántico,Eólica,1389.4947958509306
2025-04-13,Atlántico,Eólica,1387.45059204176
2025-04-14,Atlántico,Eólica,1449.0638155296863
2025-04-15,Atlántico,Eólica,1309.4541487228994
2025-04-16,Atlántico,Eólica,1333.7769430133067
2025-04-17,Atlántico,Eólica,1350.1813229433387
2025-04-18,Atlántico,Eólica,1320.156687610825
2025-04-19,Atlántico,Eólica,1201.9873767318272
2025-04-20,Atlántico,Eólica,1221.3438452967673
2025-04-21,Atlántico,Eólica,1197.4312290613066
2025-04-22,Atlántico,Eólica,941.0594557081425
2025-04-23,Atlántico,Eólica,1006.9033128513487
2025-04-24,Atlántico,Eólica,1009.8868658309431
2025-04-25,Atlántico,Eólica,998.548845943183
2025-04-26,Atlántico,Eólica,948.6139927751291
2025-04-27,Atlántico,Eólica,982.5201268060272
2025-04-28,Atlántico,Eólica,839.0228942294989
2025-04-29,Atlántico,Eólica,835.1970702748591
2025-04-30,Atlántico,Eólica,780.8136202760952
2025-05-01,Atlántico,Eólica,838.1272720462489
2025-05-02,Atlántico,Eólica,922.2406178580565
2025-05-03,Atlántico,Eólica,853.3314867487995
2025-05-04,Atlántico,Eólica,832.1153352078527
2025-05-05,Atlántico,Eólica,884.2373395053934
2025-05-06,Atlántico,Eólica,868.7426942319379
2025-05-07,Atlántico,Eólica,828.1104659687915
2025-05-08,Atlántico,Eólica,844.0014853090594
2025-05-09,Atlántico,Eólica,865.5349737358472
2025-05-10,Atlántico,Eólica,835.7713624768373
2025-05-11,Atlántico,Eólica,847.0792977171866
2025-05-12,Atlántico,Eólica,843.2270729084624
2025-05-13,Atlántico,Eólica,825.3582220233533
2025-05-14,Atlántico,Eólica,800.7240356538545
2025-05-15,Atlántico,Eólica,785.0743249504726
2025-05-16,Atlántico,Eólica,881.3139533737016
2025-05-17,Atlántico,Eólica,893.9362825878421
2025-05-18,Atlántico,Eólica,784.046322467577
2025-05-19,Atlántico,Eólica,761.8842506960892
2025-05-20,Atlántico,Eólica,871.077930579797
2025-05-21,Atlántico,Eólica,852.5380291610855
2025-05-22,Atlántico,Eólica,684.6751879258456
2025-05-23,Atlántico,Eólica,715.1314212438939
2025-05-24,Atlántico,Eólica,856.8262011389968
2025-05-25,Atlántico,Eólica,832.7722202349621
2025-05-26,Atlántico,Eólica,716.728590760619
2025-05-27,Atlántico,Eólica,706.291404592928
2025-05-28,Atlántico,Eólica,876.8570732400286
2025-05-29,Atlántico,Eólica,849.0074171516002
2025-05-30,Atlántico,Eólica,704.9706856419289
2025-05-31,Atlántico,Eólica,735.972836671903
2025-06-01,Atlántico,Eólica,982.5711350725601
2025-06-02,Atlántico,Eólica,953.5687142690057
2025-06-03,Atlántico,Eólica,882.2254613362406
2025-06-04,Atlántico,Eólica,911.9638867559552
2025-06-05,Atlántico,Eólica,964.9322332498122
2025-06-06,Atlántico,Eólica,919.7707421524275
2025-06-07,Atlántico,Eólica,944.2031987811654
2025-06-08,Atlántico,Eólica,957.5095212848441
2025-06-09,Atlántico,Eólica,954.5778892890578
2025-06-10,Atlántico,Eólica,964.4556206855543
2025-06-11,Atlántico,Eólica,953.7697083437283
2025-06-12,Atlántico,Eólica,998.7689754316281
2025-06-13,Atlántico,Eólica,968.5768756338045
2025-06-14,Atlántico,Eólica,949.1147463672022
2025-06-15,Atlántico,Eólica,943.2899567412169
2025-06-16,Atlántico,Eólica,930.9742726817378
2024-12-31,Atlántico,Solar,1640.1382466562152
2025-01-01,Atlántico,Solar,1735.2228935650062
2025-01-02,Atlántico,Solar,1403.093246031061
2025-01-03,Atlántico,Solar,1459.0687046687312
2025-01-04,Atlántico,Solar,1627.7744285547856
2025-01-05,Atlántico,Solar,1571.206652673611
2025-01-06,Atlántico,Solar,1423.244546961205
2025-01-07,Atlántico,Solar,1591.4025056707271
2025-01-08,Atlántico,Solar,1567.1862205783475
2025-01-09,Atlántico,Solar,1534.5508805255165
2025-01-10,Atlántico,Solar,1527.6221127210254
2025-01-11,Atlántico,Solar,1573.3825152991485
2025-01-12,Atlántico,Solar,1522.8843454340636
2025-01-13,Atlántico,Solar,1488.6650517689322
2025-01-14,Atlántico,Solar,1508.3889992440154
2025-01-15,Atlántico,Solar,1455.2586365548545
2025-01-16,Atlántico,Solar,1408.8526978091809
2025-01-17,Atlántico,Solar,1445.7519695416167
2025-01-18,Atlántico,Solar,1420.7485761269415
2025-01-19,Atlántico,Solar,1437.3371657166274
2025-01-20,Atlántico,Solar,1339.528235456073
2025-01-21,Atlántico,Solar,1404.15203450375
2025-01-22,Atlántico,Solar,1392.1890677600707
2025-01-23,Atlántico,Solar,1369.7791436922514
2025-01-24,Atlántico,Solar,1360.7133953263178
2025-01-25,Atlántico,Solar,1405.2485476487286
2025-01-26,Atlántico,Solar,1418.9005228677345
2025-01-27,Atlántico,Solar,1424.7529744120345
2025-01-28,Atlántico,Solar,1422.0922734839978
2025-01-29,Atlántico,Solar,1413.0175593671208
2025-01-30,Atlántico,Solar,1427.4065490935661
2025-01-31,Atlántico,Solar,1455.8977470751022
2025-02-01,Atlántico,Solar,1581.9218597635054
2025-02-02,Atlántico,Solar,1599.4700389525528
2025-02-03,Atlántico,Solar,1591.2053587046773
2025-02-04,Atlántico,Solar,1672.3018364285113
2025-02-05,Atlántico,Solar,1676.9425715135837
2025-02-06,Atlántico,Solar,1661.2568080639526
2025-02-07,Atlántico,Solar,1672.0556090017583
2025-02-08,Atlántico,Solar,1710.0192162203953
2025-02-09,Atlántico,Solar,1653.1874750236543
2025-02-10,Atlántico,Solar,1610.9822284535235
2025-02-11,Atlántico,Solar,1631.6102639673165
2025-02-12,Atlántico,Solar,1587.6094185162176
2025-02-13,Atlántico,Solar,1597.3605044319227
2025-02-14,Atlántico,Solar,1588.901091328787
2025-02-15,Atlántico,Solar,1559.8162680529435
2025-02-16,Atlántico,Solar,1550.2006206042577
2025-02-17,Atlántico,Solar,1534.8291419240145
2025-02-18,Atlántico,Solar,1493.7384624710182
2025-02-19,Atlántico,Solar,1509.1143434925518
2025-02-20,Atlántico,Solar,1501.9115812995003
2025-02-21,Atlántico,Solar,1501.0376710035862
2025-02-22,Atlántico,Solar,1479.624145276838
2025-02-23,Atlántico,Solar,1456.4938945311562
2025-02-24,Atlántico,Solar,1516.1060054363513
2025-02-25,Atlántico,Solar,1456.786644918715
2025-02-26,Atlántico,Solar,1506.512889910328
2025-02-27,Atlántico,Solar,1491.0813853713762
2025-02-28,Atlántico,Solar,1575.625970214718
2025-03-01,Atlántico,Solar,1531.9556845331776
2025-03-02,Atlántico,Solar,1568.1925427716042
2025-03-03,Atlántico,Solar,1588.4558382391835
2025-03-04,Atlántico,Solar,1650.4421577163077
2025-03-05,Atlántico,Solar,1630.0879432960048
2025-03-06,Atlántico,Solar,1595.174379977524
2025-03-07,Atlántico,Solar,1556.7767868820267
2025-03-08,Atlántico,Solar,1651.3276063794544
2025-03-09,Atlántico,Solar,1798.1172499055251
2025-03-10,Atlántico,Solar,1483.1244774601523
2025-03-11,Atlántico,Solar,1630.6778673438496
2025-03-12,Atlántico,Solar,1843.4726232140476
2025-03-13,Atlántico,Solar,1500.5778806846592
2025-03-14,Atlántico,Solar,1554.6782882000418
2025-03-15,Atlántico,Solar,1766.475684148182
2025-03-16,Atlántico,Solar,1767.8787023585598
2025-03-17,Atlántico,Solar,1464.930021343843
2025-03-18,Atlántico,Solar,1524.516208735538
2025-03-19,Atlántico,Solar,1693.411944448721
2025-03-20,Atlántico,Solar,1677.6604313826483
2025-03-21,Atlántico,Solar,1453.0232760474803
2025-03-22,Atlántico,Solar,1478.834689753011
2025-03-23,Atlántico,Solar,1610.0831972344336
2025-03-24,Atlántico,Solar,1544.6268640573514
2025-03-25,Atlántico,Solar,1453.2246629801382
2025-03-26,Atlántico,Solar,1512.9882214766264
2025-03-27,Atlántico,Solar,1511.8687260333966
2025-03-28,Atlántico,Solar,1507.4525102343507
2025-03-29,Atlántico,Solar,1494.7295570621377
2025-03-30,Atlántico,Solar,1528.6095982273005
2025-03-31,Atlántico,Solar,1535.3860029050213
2025-04-01,Atlántico,Solar,1410.3559061180897
2025-04-02,Atlántico,Solar,1439.0809791318206
2025-04-03,Atlántico,Solar,1437.217099517351
2025-04-04,Atlántico,Solar,1402.7763855501944
2025-04-05,Atlántico,Solar,1413.898250264511
2025-04-06,Atlántico,Solar,1440.1515334669978
2025-04-07,Atlántico,Solar,1383.3873304315557
2025-04-08,Atlántico,Solar,1431.8390301111979
2025-04-09,Atlántico,Solar,1391.0548046913598
2025-04-10,Atlántico,Solar,1446.2760752082786
2025-04-11,Atlántico,Solar,1403.6623761971405
2025-04-12,Atlántico,Solar,1404.6247441558849
2025-04-13,Atlántico,Solar,1420.1871509714451
2025-04-14,Atlántico,Solar,1326.8033044451845
2025-04-15,Atlántico,Solar,1404.561562537565
2025-04-16,Atlántico,Solar,1437.527408530759
2025-04-17,Atlántico,Solar,1283.8784695376708
2025-04-18,Atlántico,Solar,1306.7840234282862
2025-04-19,Atlántico,Solar,1334.4483565933876
2025-04-20,Atlántico,Solar,1281.4772424880591
2025-04-21,Atlántico,Solar,1171.3056160391136
2025-04-22,Atlántico,Solar,1171.9904740595382
2025-04-23,Atlántico,Solar,1042.7084868159168
2025-04-24,Atlántico,Solar,1030.9149162901006
2025-04-25,Atlántico,Solar,1051.0346629488847
2025-04-26,Atlántico,Solar,1007.4123165634074
2025-04-27,Atlántico,Solar,1013.0147471316396
2025-04-28,Atlántico,Solar,1027.00634472079
2025-04-29,Atlántico,Solar,1045.7544031464658
2025-04-30,Atlántico,Solar,1007.7209967766245
2025-05-01,Atlántico,Solar,1115.2375639588433
2025-05-02,Atlántico,Solar,1135.9260708747493
2025-05-03,Atlántico,Solar,1073.9661785781434
2025-05-04,Atlántico,Solar,1079.8549235385535
2025-05-05,Atlántico,Solar,1164.8828345018248
2025-05-06,Atlántico,Solar,1160.7921754937977
2025-05-07,Atlántico,Solar,1107.9621768419536
2025-05-08,Atlántico,Solar,1115.5862695036992
2025-05-09,Atlántico,Solar,1163.0144054904497
2025-05-10,Atlántico,Solar,1151.2994365942295
2025-05-11,Atlántico,Solar,1149.0759397644576
2025-05-12,Atlántico,Solar,1167.952894961814
2025-05-13,Atlántico,Solar,1170.2791162848498
2025-05-14,Atlántico,Solar,1137.9971795858228
2025-05-15,Atlántico,Solar,1133.3351448331932
2025-05-16,Atlántico,Solar,1099.1295718748663
2025-05-17,Atlántico,Solar,1087.5782222752855
2025-05-18,Atlántico,Solar,1027.5965055601043
2025-05-19,Atlántico,Solar,1071.5602977069075
2025-05-20,Atlántico,Solar,1083.9883830593308
2025-05-21,Atlántico,Solar,1008.6307448732165
2025-05-22,Atlántico,Solar,1040.0373090387727
2025-05-23,Atlántico,Solar,1030.455798063587
2025-05-24,Atlántico,Solar,1064.259028208972
2025-05-25,Atlántico,Solar,1076.1658702467307
2025-05-26,Atlántico,Solar,1092.9808786817928
2025-05-27,Atlántico,Solar,1024.34163275721
2025-05-28,Atlántico,Solar,1074.051448310691
2025-05-29,Atlántico,Solar,1113.114445588725
2025-05-30,Atlántico,Solar,1028.3027234389863
2025-05-31,Atlántico,Solar,1083.1929954123643
2025-06-01,Atlántico,Solar,1166.9853157678979
2025-06-02,Atlántico,Solar,1222.0386588151273
2025-06-03,Atlántico,Solar,1191.1881541963237
2025-06-04,Atlántico,Solar,1178.2579603050938
2025-06-05,Atlántico,Solar,1264.6641446731342
2025-06-06,Atlántico,Solar,1183.8933609823512
2025-06-07,Atlántico,Solar,1160.1610801169975
2025-06-08,Atlántico,Solar,1281.7948580782977
2025-06-09,Atlántico,Solar,1221.6075848621679
2025-06-10,Atlántico,Solar,1179.1869768329955
2025-06-11,Atlántico,Solar,1159.223249419048
2025-06-12,Atlántico,Solar,1255.3576102592867
2025-06-13,Atlántico,Solar,1185.7205912616216
2025-06-14,Atlántico,Solar,1116.2432935765598
2025-06-15,Atlántico,Solar,1197.556781445579
2025-06-16,Atlántico,Solar,1207.0381263670622
2024-12-31,Cesar,Eólica,1683.043639015026
2025-01-01,Cesar,Eólica,1606.816338997927
2025-01-02,Cesar,Eólica,1917.6082108164742
2025-01-03,Cesar,Eólica,1661.5739763754386
2025-01-04,Cesar,Eólica,1411.2472398202033
2025-01-05,Cesar,Eólica,1557.9836956029278
2025-01-06,Cesar,Eólica,1749.304995173375
2025-01-07,Cesar,Eólica,1519.97308234736
2025-01-08,Cesar,Eólica,1428.8687624701213
2025-01-09,Cesar,Eólica,1738.005245466731
2025-01-10,Cesar,Eólica,1598.20568060843
2025-01-11,Cesar,Eólica,1403.6945832504248
2025-01-12,Cesar,Eólica,1539.8085509942173
2025-01-13,Cesar,Eólica,1567.0390236918472
2025-01-14,Cesar,Eólica,1425.438291198708
2025-01-15,Cesar,Eólica,1367.186949103225
2025-01-16,Cesar,Eólica,1441.3137883927582
2025-01-17,Cesar,Eólica,1433.7022160239883
2025-01-18,Cesar,Eólica,1317.0843815173914
2025-01-19,Cesar,Eólica,1409.8934330915224
2025-01-20,Cesar,Eólica,1390.0537191165727
2025-01-21,Cesar,Eólica,1362.4671461797038
2025-01-22,Cesar,Eólica,1340.2098747893099
2025-01-23,Cesar,Eólica,1360.0849682444828
2025-01-24,Cesar,Eólica,1392.7305026785868
2025-01-25,Cesar,Eólica,1349.7675878996445
2025-01-26,Cesar,Eólica,1357.1009879382812
2025-01-27,Cesar,Eólica,1405.1688517816863
2025-01-28,Cesar,Eólica,1430.9504287276197
2025-01-29,Cesar,Eólica,1378.913205902723
2025-01-30,Cesar,Eólica,1465.1861530652454
2025-01-31,Cesar,Eólica,1366.5699295997924
2025-02-01,Cesar,Eólica,1587.5571687944084
2025-02-02,Cesar,Eólica,1614.122883734197
2025-02-03,Cesar,Eólica,1621.1612044767824
2025-02-04,Cesar,Eólica,1606.2488006015094
2025-02-05,Cesar,Eólica,1633.4365973400372
2025-02-06,Cesar,Eólica,1682.0298591406686
2025-02-07,Cesar,Eólica,1608.0987872436478
2025-02-08,Cesar,Eólica,1640.0924242692836
2025-02-09,Cesar,Eólica,1743.091888909177
2025-02-10,Cesar,Eólica,1597.7603180152537
2025-02-11,Cesar,Eólica,1619.1763483249792
2025-02-12,Cesar,Eólica,1706.7559201637341
2025-02-13,Cesar,Eólica,1680.856820550088
2025-02-14,Cesar,Eólica,1551.9566270096811
2025-02-15,Cesar,Eólica,1539.223124671037
2025-02-16,Cesar,Eólica,1647.4398907926347
2025-02-17,Cesar,Eólica,1611.0211845834017
2025-02-18,Cesar,Eólica,1453.7474714774355
2025-02-19,Cesar,Eólica,1495.8523634141227
2025-02-20,Cesar,Eólica,1574.195380401041
2025-02-21,Cesar,Eólica,1429.6024839510164
2025-02-22,Cesar,Eólica,1469.92571300634
2025-02-23,Cesar,Eólica,1477.1807385688412
2025-02-24,Cesar,Eólica,1454.4070439169614
2025-02-25,Cesar,Eólica,1487.3681285248397
2025-02-26,Cesar,Eólica,1494.9229490384994
2025-02-27,Cesar,Eólica,1501.8324053647484
2025-02-28,Cesar,Eólica,1511.9508173590639
2025-03-01,Cesar,Eólica,1515.379840938897
2025-03-02,Cesar,Eólica,1569.9763198271608
2025-03-03,Cesar,Eólica,1590.1022794432924
2025-03-04,Cesar,Eólica,1575.3666931186076
2025-03-05,Cesar,Eólica,1624.0182042405536
2025-03-06,Cesar,Eólica,1702.9900260730396
2025-03-07,Cesar,Eólica,1644.8758994914863
2025-03-08,Cesar,Eólica,1634.5740498964917
2025-03-09,Cesar,Eólica,1637.662144541153
2025-03-10,Cesar,Eólica,1703.9347420243764
2025-03-11,Cesar,Eólica,1616.5775684839825
2025-03-12,Cesar,Eólica,1667.0698392984273
2025-03-13,Cesar,Eólica,1665.5466432895041
2025-03-14,Cesar,Eólica,1643.8094893481602
2025-03-15,Cesar,Eólica,1585.8144565067314
2025-03-16,Cesar,Eólica,1550.2103875199855
2025-03-17,Cesar,Eólica,1525.5508297259914
2025-03-18,Cesar,Eólica,1558.3757896906218
2025-03-19,Cesar,Eólica,1588.2921667010958
2025-03-20,Cesar,Eólica,1557.2731559947217
2025-03-21,Cesar,Eólica,1452.0726152759064
2025-03-22,Cesar,Eólica,1460.4411451936692
2025-03-23,Cesar,Eólica,1476.7300608679434
2025-03-24,Cesar,Eólica,1479.0652621225024
2025-03-25,Cesar,Eólica,1472.3512183799123
2025-03-26,Cesar,Eólica,1479.7352912460428
2025-03-27,Cesar,Eólica,1440.665707146828
2025-03-28,Cesar,Eólica,1488.8649603007984
2025-03-29,Cesar,Eólica,1493.6427775254638
2025-03-30,Cesar,Eólica,1457.570842149146
2025-03-31,Cesar,Eólica,1581.6052205596454
2025-04-01,Cesar,Eólica,1378.9626616033854
2025-04-02,Cesar,Eólica,1344.5788323026006
2025-04-03,Cesar,Eólica,1406.633259764914
2025-04-04,Cesar,Eólica,1445.4996415120602
2025-04-05,Cesar,Eólica,1392.655338213855
2025-04-06,Cesar,Eólica,1435.2481278606283
2025-04-07,Cesar,Eólica,1397.3355242538184
2025-04-08,Cesar,Eólica,1447.407074158131
2025-04-09,Cesar,Eólica,1383.0361769757596
2025-04-10,Cesar,Eólica,1397.6050668625267
2025-04-11,Cesar,Eólica,1441.01803394904
2025-04-12,Cesar,Eólica,1326.2703544997757
2025-04-13,Cesar,Eólica,1367.7677661666037
2025-04-14,Cesar,Eólica,1404.152412273461
2025-04-15,Cesar,Eólica,1377.2715301430935
2025-04-16,Cesar,Eólica,1313.4763466425673
2025-04-17,Cesar,Eólica,1311.902082086855
2025-04-18,Cesar,Eólica,1331.0859925387444
2025-04-19,Cesar,Eólica,1302.6484114931507
2025-04-20,Cesar,Eólica,1122.256854344416
2025-04-21,Cesar,Eólica,1177.5527449626986
2025-04-22,Cesar,Eólica,1063.9842358187768
2025-04-23,Cesar,Eólica,1052.6349764513254
2025-04-24,Cesar,Eólica,971.6803017725281
2025-04-25,Cesar,Eólica,986.3853377830985
2025-04-26,Cesar,Eólica,1016.0945092816896
2025-04-27,Cesar,Eólica,1016.9113483415647
2025-04-28,Cesar,Eólica,937.8241146093679
2025-04-29,Cesar,Eólica,1007.2762039625793
2025-04-30,Cesar,Eólica,992.1653060465547
2025-05-01,Cesar,Eólica,1047.919225897998
2025-05-02,Cesar,Eólica,1092.0086392273372
2025-05-03,Cesar,Eólica,1124.6265638166622
2025-05-04,Cesar,Eólica,1104.0125518660884
2025-05-05,Cesar,Eólica,1118.9838200510562
2025-05-06,Cesar,Eólica,1161.0056878824062
2025-05-07,Cesar,Eólica,1143.412595548056
2025-05-08,Cesar,Eólica,1166.310074411709
2025-05-09,Cesar,Eólica,1183.922985708756
2025-05-10,Cesar,Eólica,1177.87502719031
2025-05-11,Cesar,Eólica,1144.0736797468371
2025-05-12,Cesar,Eólica,1186.2291793944048
2025-05-13,Cesar,Eólica,1175.7482652505619
2025-05-14,Cesar,Eólica,1134.587802820064
2025-05-15,Cesar,Eólica,1119.4109990348597
2025-05-16,Cesar,Eólica,1091.374366989522
2025-05-17,Cesar,Eólica,1054.0307306048949
2025-05-18,Cesar,Eólica,1061.9502112626953
2025-05-19,Cesar,Eólica,1055.4781237355128
2025-05-20,Cesar,Eólica,1076.2744126364357
2025-05-21,Cesar,Eólica,1046.7665012872174
2025-05-22,Cesar,Eólica,1072.7828936246049
2025-05-23,Cesar,Eólica,1064.115255013872
2025-05-24,Cesar,Eólica,1028.8859178682926
2025-05-25,Cesar,Eólica,1084.0489186876314
2025-05-26,Cesar,Eólica,1055.9090264259567
2025-05-27,Cesar,Eólica,1056.1169468332305
2025-05-28,Cesar,Eólica,1093.3447176608238
2025-05-29,Cesar,Eólica,1094.8385238805872
2025-05-30,Cesar,Eólica,1050.8970614866296
2025-05-31,Cesar,Eólica,1103.2420294605117
2025-06-01,Cesar,Eólica,1207.6379275626698
2025-06-02,Cesar,Eólica,1189.7378805357005
2025-06-03,Cesar,Eólica,1153.3301505678394
2025-06-04,Cesar,Eólica,1249.4352417168554
2025-06-05,Cesar,Eólica,1226.7198392605937
2025-06-06,Cesar,Eólica,1178.7017762419243
2025-06-07,Cesar,Eólica,1203.6904725528693
2025-06-08,Cesar,Eólica,1295.0440925169685
2025-06-09,Cesar,Eólica,1108.3194241495285
2025-06-10,Cesar,Eólica,1166.328111542353
2025-06-11,Cesar,Eólica,1262.4432872760526
2025-06-12,Cesar,Eólica,1177.3968166943678
2025-06-13,Cesar,Eólica,1158.1572159285147
2025-06-14,Cesar,Eólica,1236.0513607365954
2025-06-15,Cesar,Eólica,1260.5808622787576
2025-06-16,Cesar,Eólica,1028.6750863309956
2024-12-31,Cesar,Solar,823.0879707266515
2025-01-01,Cesar,Solar,1018.8335331674612
2025-01-02,Cesar,Solar,858.9917573220662
2025-01-03,Cesar,Solar,673.4262459809393
2025-01-04,Cesar,Solar,910.1739642058637
2025-01-05,Cesar,Solar,986.7252287298078
2025-01-06,Cesar,Solar,840.0891775028354
2025-01-07,Cesar,Solar,860.2196813036044
2025-01-08,Cesar,Solar,895.693996538398
2025-01-09,Cesar,Solar,873.3225801900898
2025-01-10,Cesar,Solar,893.6223469864062
2025-01-11,Cesar,Solar,858.1861952296936
2025-01-12,Cesar,Solar,831.0293110211895
2025-01-13,Cesar,Solar,875.5951826371535
2025-01-14,Cesar,Solar,836.4340516010424
2025-01-15,Cesar,Solar,804.6704760245425
2025-01-16,Cesar,Solar,804.2887615048049
2025-01-17,Cesar,Solar,870.874881315424
2025-01-18,Cesar,Solar,853.2801819298815
2025-01-19,Cesar,Solar,767.2335453827973
2025-01-20,Cesar,Solar,733.1961780750862
2025-01-21,Cesar,Solar,870.8836662766637
2025-01-22,Cesar,Solar,838.0879273633326
2025-01-23,Cesar,Solar,687.0707297181527
2025-01-24,Cesar,Solar,694.0759564406497
2025-01-25,Cesar,Solar,807.3885822796278
2025-01-26,Cesar,Solar,841.8721323472071
2025-01-27,Cesar,Solar,743.1942896869186
2025-01-28,Cesar,Solar,712.5991864924146
2025-01-29,Cesar,Solar,858.1007593618472
2025-01-30,Cesar,Solar,846.1070694214308
2025-01-31,Cesar,Solar,738.8759702240751
2025-02-01,Cesar,Solar,831.4544786654927
2025-02-02,Cesar,Solar,1019.3075143665031
2025-02-03,Cesar,Solar,917.9556779607511
2025-02-04,Cesar,Solar,978.5281438148277
2025-02-05,Cesar,Solar,988.1134291453614
2025-02-06,Cesar,Solar,990.5958323872273
2025-02-07,Cesar,Solar,1034.5458100973062
2025-02-08,Cesar,Solar,1164.415945430174
2025-02-09,Cesar,Solar,1191.9902563523901
2025-02-10,Cesar,Solar,1165.3548390652686
2025-02-11,Cesar,Solar,1175.860416218598
2025-02-12,Cesar,Solar,1237.816483473956
2025-02-13,Cesar,Solar,1278.720781039534
2025-02-14,Cesar,Solar,1075.5834042790038
2025-02-15,Cesar,Solar,1119.588188473015
2025-02-16,Cesar,Solar,1181.4607452416155
2025-02-17,Cesar,Solar,1174.3818186166625
2025-02-18,Cesar,Solar,1116.9254935962167
2025-02-19,Cesar,Solar,1105.7996358726518
2025-02-20,Cesar,Solar,1123.6675163189916
2025-02-21,Cesar,Solar,1158.257467917212
2025-02-22,Cesar,Solar,1132.3943815899245
2025-02-23,Cesar,Solar,1120.1536582289027
2025-02-24,Cesar,Solar,1117.5705031086397
2025-02-25,Cesar,Solar,1141.836518781278
2025-02-26,Cesar,Solar,1106.1067305045958
2025-02-27,Cesar,Solar,1131.4854127840824
2025-02-28,Cesar,Solar,1177.5651507840068
2025-03-01,Cesar,Solar,1159.802718321783
2025-03-02,Cesar,Solar,1202.712247409685
2025-03-03,Cesar,Solar,1258.188793659045
2025-03-04,Cesar,Solar,1163.1535868528229
2025-03-05,Cesar,Solar,1147.318381075118
2025-03-06,Cesar,Solar,1326.759424535143
2025-03-07,Cesar,Solar,1240.4012156145775
2025-03-08,Cesar,Solar,1161.0460097304879
2025-03-09,Cesar,Solar,1223.3172190017938
2025-03-10,Cesar,Solar,1346.8358603629663
2025-03-11,Cesar,Solar,1097.7006145924354
2025-03-12,Cesar,Solar,1167.0101630804481
2025-03-13,Cesar,Solar,1369.0488349837194
2025-03-14,Cesar,Solar,1272.5487501974792
2025-03-15,Cesar,Solar,1039.8150325451486
2025-03-16,Cesar,Solar,1138.9026676940816
2025-03-17,Cesar,Solar,1306.0273710084819
2025-03-18,Cesar,Solar,1183.0542724524275
2025-03-19,Cesar,Solar,1073.2619947003059
2025-03-20,Cesar,Solar,1139.2300001949643
2025-03-21,Cesar,Solar,1116.7673782129511
2025-03-22,Cesar,Solar,1113.3502303525722
2025-03-23,Cesar,Solar,1085.8689622795723
2025-03-24,Cesar,Solar,1125.55568073618
2025-03-25,Cesar,Solar,1108.4361871899655
2025-03-26,Cesar,Solar,1085.352170812518
2025-03-27,Cesar,Solar,1133.148331950311
2025-03-28,Cesar,Solar,1109.5461378008158
2025-03-29,Cesar,Solar,1112.2330136973312
2025-03-30,Cesar,Solar,1156.2756830508843
2025-03-31,Cesar,Solar,1187.8921310061437
2025-04-01,Cesar,Solar,1040.0423167103706
2025-04-02,Cesar,Solar,1043.1878976097641
2025-04-03,Cesar,Solar,1076.97442826632
2025-04-04,Cesar,Solar,1079.3061883872263
2025-04-05,Cesar,Solar,1073.439040162162
2025-04-06,Cesar,Solar,1055.9878289878561
2025-04-07,Cesar,Solar,1064.6850355956933
2025-04-08,Cesar,Solar,1085.5017931945847
2025-04-09,Cesar,Solar,1050.7007831412152
2025-04-10,Cesar,Solar,1062.440375806909
2025-04-11,Cesar,Solar,1066.726402605451
2025-04-12,Cesar,Solar,1080.2094824315666
2025-04-13,Cesar,Solar,1034.8260443446754
2025-04-14,Cesar,Solar,1027.962634057111
2025-04-15,Cesar,Solar,1075.3697981813443
2025-04-16,Cesar,Solar,1027.4698141499816
2025-04-17,Cesar,Solar,990.1517623691818
2025-04-18,Cesar,Solar,1000.7568087108227
2025-04-19,Cesar,Solar,984.9309558275872
2025-04-20,Cesar,Solar,986.9616012543739
2025-04-21,Cesar,Solar,948.2668736711771
2025-04-22,Cesar,Solar,770.9103411915959
2025-04-23,Cesar,Solar,782.4496915471236
2025-04-24,Cesar,Solar,825.0711399079628
2025-04-25,Cesar,Solar,769.4028619156999
2025-04-26,Cesar,Solar,623.098832604332
2025-04-27,Cesar,Solar,831.2030048109982
2025-04-28,Cesar,Solar,801.3499166862607
2025-04-29,Cesar,Solar,653.9078225224033
2025-04-30,Cesar,Solar,754.9014457494147
2025-05-01,Cesar,Solar,885.7904446472321
2025-05-02,Cesar,Solar,890.6647758297638
2025-05-03,Cesar,Solar,724.0508561040159
2025-05-04,Cesar,Solar,715.5000287629085
2025-05-05,Cesar,Solar,922.3160827618409
2025-05-06,Cesar,Solar,911.0430659558062
2025-05-07,Cesar,Solar,686.3885967199914
2025-05-08,Cesar,Solar,672.3722699445549
2025-05-09,Cesar,Solar,966.6063600274981
2025-05-10,Cesar,Solar,905.265804097904
2025-05-11,Cesar,Solar,691.9912879857128
2025-05-12,Cesar,Solar,638.7926968045873
2025-05-13,Cesar,Solar,881.1596099931833
2025-05-14,Cesar,Solar,923.5691026669558
2025-05-15,Cesar,Solar,692.2106044632352
2025-05-16,Cesar,Solar,620.109093430469
2025-05-17,Cesar,Solar,846.6659269677668
2025-05-18,Cesar,Solar,901.2971792199829
2025-05-19,Cesar,Solar,671.6728288062267
2025-05-20,Cesar,Solar,632.5162491787064
2025-05-21,Cesar,Solar,857.3019431469332
2025-05-22,Cesar,Solar,853.0435053677152
2025-05-23,Cesar,Solar,685.6684445319923
2025-05-24,Cesar,Solar,680.0920537210452
2025-05-25,Cesar,Solar,840.2199555438896
2025-05-26,Cesar,Solar,848.8192187198515
2025-05-27,Cesar,Solar,681.2829910182132
2025-05-28,Cesar,Solar,687.1468065152667
2025-05-29,Cesar,Solar,858.3728862955488
2025-05-30,Cesar,Solar,856.7964719199988
2025-05-31,Cesar,Solar,709.4003731418647
2025-06-01,Cesar,Solar,769.7547095685369
2025-06-02,Cesar,Solar,955.0563653205627
2025-06-03,Cesar,Solar,996.2750392921236
2025-06-04,Cesar,Solar,838.7819037118011
2025-06-05,Cesar,Solar,900.4570789908355
2025-06-06,Cesar,Solar,953.6071708199139
2025-06-07,Cesar,Solar,914.9736966786887
2025-06-08,Cesar,Solar,947.1165130715531
2025-06-09,Cesar,Solar,920.3088378755637
2025-06-10,Cesar,Solar,964.0699165048329
2025-06-11,Cesar,Solar,927.7925797130962
2025-06-12,Cesar,Solar,959.0513619324328
2025-06-13,Cesar,Solar,924.0723425981269
2025-06-14,Cesar,Solar,936.0821323397608
2025-06-15,Cesar,Solar,884.2504280519175
2025-06-16,Cesar,Solar,849.8083498888923
2024-12-31,La Guajira,Eólica,1779.9567631801863
2025-01-01,La Guajira,Eólica,1534.7831942458024
2025-01-02,La Guajira,Eólica,1351.639686919404
2025-01-03,La Guajira,Eólica,1416.6528126353119
2025-01-04,La Guajira,Eólica,1607.0987589191918
2025-01-05,La Guajira,Eólica,1360.9842618882428
2025-01-06,La Guajira,Eólica,1475.7525915627027
2025-01-07,La Guajira,Eólica,1549.6966921312849
2025-01-08,La Guajira,Eólica,1483.3343335918003
2025-01-09,La Guajira,Eólica,1458.0483070994194
2025-01-10,La Guajira,Eólica,1496.1819493496478
2025-01-11,La Guajira,Eólica,1506.1893292180473
2025-01-12,La Guajira,Eólica,1472.9176593561829
2025-01-13,La Guajira,Eólica,1426.5412136007594
2025-01-14,La Guajira,Eólica,1483.3715042155445
2025-01-15,La Guajira,Eólica,1392.7175509573879
2025-01-16,La Guajira,Eólica,1417.1818337520035
2025-01-17,La Guajira,Eólica,1425.8186618927264
2025-01-18,La Guajira,Eólica,1403.2108762365292
2025-01-19,La Guajira,Eólica,1345.0679589493361
2025-01-20,La Guajira,Eólica,1390.6253936125893
2025-01-21,La Guajira,Eólica,1385.4381323774032
2025-01-22,La Guajira,Eólica,1379.0594551410013
2025-01-23,La Guajira,Eólica,1358.3516296457703
2025-01-24,La Guajira,Eólica,1365.8827348018826
2025-01-25,La Guajira,Eólica,1357.1030125366092
2025-01-26,La Guajira,Eólica,1359.7253258297335
2025-01-27,La Guajira,Eólica,1357.1792844578356
2025-01-28,La Guajira,Eólica,1407.2211438060651
2025-01-29,La Guajira,Eólica,1406.8925262149796
2025-01-30,La Guajira,Eólica,1405.0828299232357
2025-01-31,La Guajira,Eólica,1451.4859802523636
2025-02-01,La Guajira,Eólica,1531.5309559612285
2025-02-02,La Guajira,Eólica,1585.1387264794728
2025-02-03,La Guajira,Eólica,1606.9914586747457
2025-02-04,La Guajira,Eólica,1569.889584777794
2025-02-05,La Guajira,Eólica,1685.5242220906312
2025-02-06,La Guajira,Eólica,1707.5537520857315
2025-02-07,La Guajira,Eólica,1604.4010931664284
2025-02-08,La Guajira,Eólica,1649.3494771787057
2025-02-09,La Guajira,Eólica,1740.1215377727813
2025-02-10,La Guajira,Eólica,1551.6268696856507
2025-02-11,La Guajira,Eólica,1565.7025016675461
2025-02-12,La Guajira,Eólica,1753.066116856245
2025-02-13,La Guajira,Eólica,1658.2309645469272
2025-02-14,La Guajira,Eólica,1514.5792174306748
2025-02-15,La Guajira,Eólica,1565.5316203493064
2025-02-16,La Guajira,Eólica,1749.9421850592248
2025-02-17,La Guajira,Eólica,1552.8143256280182
2025-02-18,La Guajira,Eólica,1428.5118616770915
2025-02-19,La Guajira,Eólica,1654.5066890636788
2025-02-20,La Guajira,Eólica,1556.7400440736903
2025-02-21,La Guajira,Eólica,1462.121404611362
2025-02-22,La Guajira,Eólica,1477.6405999739834
2025-02-23,La Guajira,Eólica,1490.0179916295247
2025-02-24,La Guajira,Eólica,1414.7840237836951
2025-02-25,La Guajira,Eólica,1531.2653386600296
2025-02-26,La Guajira,Eólica,1498.1460936168542
2025-02-27,La Guajira,Eólica,1580.9999544459188
2025-02-28,La Guajira,Eólica,1509.510312880981
2025-03-01,La Guajira,Eólica,1486.9489562741935
2025-03-02,La Guajira,Eólica,1592.517728354434
2025-03-03,La Guajira,Eólica,1575.744181351321
2025-03-04,La Guajira,Eólica,1554.692208925209
2025-03-05,La Guajira,Eólica,1643.7892307819764
2025-03-06,La Guajira,Eólica,1635.678233335107
2025-03-07,La Guajira,Eólica,1617.8211027307048
2025-03-08,La Guajira,Eólica,1629.503662476896
2025-03-09,La Guajira,Eólica,1697.6492499752562
2025-03-10,La Guajira,Eólica,1614.7120840507134
2025-03-11,La Guajira,Eólica,1632.991793185674
2025-03-12,La Guajira,Eólica,1659.4239537146475
2025-03-13,La Guajira,Eólica,1584.7387977714286
2025-03-14,La Guajira,Eólica,1571.129885451163
2025-03-15,La Guajira,Eólica,1618.7053328630282
2025-03-16,La Guajira,Eólica,1625.337394466401
2025-03-17,La Guajira,Eólica,1495.9575709658923
2025-03-18,La Guajira,Eólica,1483.4484548292733
2025-03-19,La Guajira,Eólica,1604.1030329692815
2025-03-20,La Guajira,Eólica,1597.2379268411917
2025-03-21,La Guajira,Eólica,1447.5391524999643
2025-03-22,La Guajira,Eólica,1476.3061238733771
2025-03-23,La Guajira,Eólica,1491.6820735817694
2025-03-24,La Guajira,Eólica,1468.0684593004116
2025-03-25,La Guajira,Eólica,1477.454729013178
2025-03-26,La Guajira,Eólica,1467.2827678581386
2025-03-27,La Guajira,Eólica,1464.4753363623474
2025-03-28,La Guajira,Eólica,1449.4552549128289
2025-03-29,La Guajira,Eólica,1495.7821377147577
2025-03-30,La Guajira,Eólica,1494.9019716883208
2025-03-31,La Guajira,Eólica,1537.0438163533938
2025-04-01,La Guajira,Eólica,1310.093660606221
2025-04-02,La Guajira,Eólica,1386.4595256029365
2025-04-03,La Guajira,Eólica,1441.3649503440197
2025-04-04,La Guajira,Eólica,1371.6093528413326
2025-04-05,La Guajira,Eólica,1367.08729332931
2025-04-06,La Guajira,Eólica,1450.9554669074569
2025-04-07,La Guajira,Eólica,1372.6115720377531
2025-04-08,La Guajira,Eólica,1457.8423011592656
2025-04-09,La Guajira,Eólica,1345.0237289013662
2025-04-10,La Guajira,Eólica,1387.0098861234612
2025-04-11,La Guajira,Eólica,1402.131674020918
2025-04-12,La Guajira,Eólica,1392.2204344254096
2025-04-13,La Guajira,Eólica,1377.8745244530583
2025-04-14,La Guajira,Eólica,1368.5527401664506
2025-04-15,La Guajira,Eólica,1383.748137815058
2025-04-16,La Guajira,Eólica,1365.2030512057959
2025-04-17,La Guajira,Eólica,1314.3928193024233
2025-04-18,La Guajira,Eólica,1300.427929184203
2025-04-19,La Guajira,Eólica,1285.5247125735107
2025-04-20,La Guajira,Eólica,1202.4357481647485
2025-04-21,La Guajira,Eólica,1181.9026463680668
2025-04-22,La Guajira,Eólica,1073.5238076888538
2025-04-23,La Guajira,Eólica,1031.4781910724791
2025-04-24,La Guajira,Eólica,1026.820193840704
2025-04-25,La Guajira,Eólica,1010.0488207426124
2025-04-26,La Guajira,Eólica,997.0011015422089
2025-04-27,La Guajira,Eólica,1009.4230917634197
2025-04-28,La Guajira,Eólica,999.2954922581268
2025-04-29,La Guajira,Eólica,1046.109514085137
2025-04-30,La Guajira,Eólica,1054.3750973572935
2025-05-01,La Guajira,Eólica,1144.2052654381362
2025-05-02,La Guajira,Eólica,1113.5813620217252
2025-05-03,La Guajira,Eólica,1095.154267923665
2025-05-04,La Guajira,Eólica,1156.2966175126232
2025-05-05,La Guajira,Eólica,1150.666834930253
2025-05-06,La Guajira,Eólica,1136.7689628052262
2025-05-07,La Guajira,Eólica,1166.382584905459
2025-05-08,La Guajira,Eólica,1198.2790006047885
2025-05-09,La Guajira,Eólica,1165.639813635188
2025-05-10,La Guajira,Eólica,1170.710144976516
2025-05-11,La Guajira,Eólica,1163.8403773689486
2025-05-12,La Guajira,Eólica,1152.527452043467
2025-05-13,La Guajira,Eólica,1151.5153162045265
2025-05-14,La Guajira,Eólica,1116.589421005911
2025-05-15,La Guajira,Eólica,1128.2031661207593
2025-05-16,La Guajira,Eólica,1145.8969423289093
2025-05-17,La Guajira,Eólica,1068.7267056704193
2025-05-18,La Guajira,Eólica,1105.050194111371
2025-05-19,La Guajira,Eólica,1084.4683636830698
2025-05-20,La Guajira,Eólica,1043.7915911418936
2025-05-21,La Guajira,Eólica,1048.5121328434402
2025-05-22,La Guajira,Eólica,1047.918734929957
2025-05-23,La Guajira,Eólica,1077.619824758164
2025-05-24,La Guajira,Eólica,1060.0818162710643
2025-05-25,La Guajira,Eólica,1029.2968157690366
2025-05-26,La Guajira,Eólica,1094.68212436295
2025-05-27,La Guajira,Eólica,1080.1962200031933
2025-05-28,La Guajira,Eólica,1053.3937186638327
2025-05-29,La Guajira,Eólica,1109.5123857727256
2025-05-30,La Guajira,Eólica,1075.7646087354283
2025-05-31,La Guajira,Eólica,1100.9641672344883
2025-06-01,La Guajira,Eólica,1186.67944083579
2025-06-02,La Guajira,Eólica,1226.0182580892802
2025-06-03,La Guajira,Eólica,1186.8681768481476
2025-06-04,La Guajira,Eólica,1220.0060978053314
2025-06-05,La Guajira,Eólica,1277.5527785446686
2025-06-06,La Guajira,Eólica,1070.1102975581086
2025-06-07,La Guajira,Eólica,1319.0984641421082
2025-06-08,La Guajira,Eólica,1281.3590236805267
2025-06-09,La Guajira,Eólica,985.30486320445
2025-06-10,La Guajira,Eólica,1248.83224205811
2025-06-11,La Guajira,Eólica,1279.4438671583987
2025-06-12,La Guajira,Eólica,1076.4920857888887
2025-06-13,La Guajira,Eólica,1125.85568073981
2025-06-14,La Guajira,Eólica,1204.2379823784634
2025-06-15,La Guajira,Eólica,1217.6248463853562
2025-06-16,La Guajira,Eólica,1141.5064124860812
2024-12-31,La Guajira,Solar,1638.3163768865556
2025-01-01,La Guajira,Solar,1703.2650700828403
2025-01-02,La Guajira,Solar,1437.385272856588
2025-01-03,La Guajira,Solar,1486.0221150210564
2025-01-04,La Guajira,Solar,1592.0882282504429
2025-01-05,La Guajira,Solar,1575.7822520712639
2025-01-06,La Guajira,Solar,1488.9162740751158
2025-01-07,La Guajira,Solar,1518.353146605754
2025-01-08,La Guajira,Solar,1540.501809708713
2025-01-09,La Guajira,Solar,1486.0545346805538
2025-01-10,La Guajira,Solar,1538.191942491403
2025-01-11,La Guajira,Solar,1463.4042831743832
2025-01-12,La Guajira,Solar,1525.9489808270453
2025-01-13,La Guajira,Solar,1437.2812118253855
2025-01-14,La Guajira,Solar,1465.063941627695
2025-01-15,La Guajira,Solar,1444.901674210541
2025-01-16,La Guajira,Solar,1400.5067049143147
2025-01-17,La Guajira,Solar,1436.675891045982
2025-01-18,La Guajira,Solar,1354.8560900833534
2025-01-19,La Guajira,Solar,1407.4170768280344
2025-01-20,La Guajira,Solar,1426.7070475872783
2025-01-21,La Guajira,Solar,1386.5056853768547
2025-01-22,La Guajira,Solar,1420.4305805170245
2025-01-23,La Guajira,Solar,1403.4860830330672
2025-01-24,La Guajira,Solar,1373.5224544491346
2025-01-25,La Guajira,Solar,1383.4506143846268
2025-01-26,La Guajira,Solar,1426.7680191270022
2025-01-27,La Guajira,Solar,1433.2010637428468
2025-01-28,La Guajira,Solar,1348.8931781782017
2025-01-29,La Guajira,Solar,1417.3277858564436
2025-01-30,La Guajira,Solar,1494.2561202347113
2025-01-31,La Guajira,Solar,1352.0223366949251
2025-02-01,La Guajira,Solar,1629.7817120031
2025-02-02,La Guajira,Solar,1555.9673483294955
2025-02-03,La Guajira,Solar,1547.1019351814687
2025-02-04,La Guajira,Solar,1639.3920143130536
2025-02-05,La Guajira,Solar,1697.446330060597
2025-02-06,La Guajira,Solar,1594.2003742741965
2025-02-07,La Guajira,Solar,1678.1152716443764
2025-02-08,La Guajira,Solar,1744.2753739906411
2025-02-09,La Guajira,Solar,1631.9233480828354
2025-02-10,La Guajira,Solar,1632.1868878483817
2025-02-11,La Guajira,Solar,1685.9599906051378
2025-02-12,La Guajira,Solar,1651.9033480754888
2025-02-13,La Guajira,Solar,1589.5559840560309
2025-02-14,La Guajira,Solar,1593.7538783558439
2025-02-15,La Guajira,Solar,1645.7886327186748
2025-02-16,La Guajira,Solar,1580.2321872696377
2025-02-17,La Guajira,Solar,1468.9034477490359
2025-02-18,La Guajira,Solar,1490.2729793662916
2025-02-19,La Guajira,Solar,1574.410225532267
2025-02-20,La Guajira,Solar,1442.7079265248121
2025-02-21,La Guajira,Solar,1452.70743340162
2025-02-22,La Guajira,Solar,1462.1976036910676
2025-02-23,La Guajira,Solar,1469.0263340232425
2025-02-24,La Guajira,Solar,1466.4841574018371
2025-02-25,La Guajira,Solar,1487.4308538430744
2025-02-26,La Guajira,Solar,1533.102226142187
2025-02-27,La Guajira,Solar,1442.4123190298642
2025-02-28,La Guajira,Solar,1553.1539809711394
2025-03-01,La Guajira,Solar,1547.7382753533002
2025-03-02,La Guajira,Solar,1590.568358514511
2025-03-03,La Guajira,Solar,1585.444071344799
2025-03-04,La Guajira,Solar,1575.0170631319095
2025-03-05,La Guajira,Solar,1609.3672564160267
2025-03-06,La Guajira,Solar,1667.2235772111617
2025-03-07,La Guajira,Solar,1669.516691743756
2025-03-08,La Guajira,Solar,1656.1374797041753
2025-03-09,La Guajira,Solar,1663.078285766198
2025-03-10,La Guajira,Solar,1713.69150954832
2025-03-11,La Guajira,Solar,1622.9516447966857
2025-03-12,La Guajira,Solar,1647.8633794087648
2025-03-13,La Guajira,Solar,1704.3586011413545
2025-03-14,La Guajira,Solar,1580.4034624906824
2025-03-15,La Guajira,Solar,1553.0866758101095
2025-03-16,La Guajira,Solar,1635.1025539771697
2025-03-17,La Guajira,Solar,1682.7795905525911
2025-03-18,La Guajira,Solar,1506.9687351399264
2025-03-19,La Guajira,Solar,1483.1265363741923
2025-03-20,La Guajira,Solar,1579.8888518845492
2025-03-21,La Guajira,Solar,1529.2583775914056
2025-03-22,La Guajira,Solar,1470.7881763177556
2025-03-23,La Guajira,Solar,1485.0706440208892
2025-03-24,La Guajira,Solar,1471.7970742284215
2025-03-25,La Guajira,Solar,1435.589237488785
2025-03-26,La Guajira,Solar,1463.9853374948952
2025-03-27,La Guajira,Solar,1458.3401830918492
2025-03-28,La Guajira,Solar,1454.488899016168
2025-03-29,La Guajira,Solar,1509.135892578331
2025-03-30,La Guajira,Solar,1522.2650446335508
2025-03-31,La Guajira,Solar,1533.508174084556
2025-04-01,La Guajira,Solar,1412.1426387921179
2025-04-02,La Guajira,Solar,1416.070320181362
2025-04-03,La Guajira,Solar,1453.681885716944
2025-04-04,La Guajira,Solar,1444.3109947321223
2025-04-05,La Guajira,Solar,1427.0733248874922
2025-04-06,La Guajira,Solar,1434.3285238892431
2025-04-07,La Guajira,Solar,1384.3072242120236
2025-04-08,La Guajira,Solar,1461.1208615020878
2025-04-09,La Guajira,Solar,1353.9789583985275
2025-04-10,La Guajira,Solar,1414.8497069492894
2025-04-11,La Guajira,Solar,1469.1006631143953
2025-04-12,La Guajira,Solar,1304.6985426589117
2025-04-13,La Guajira,Solar,1407.729216049572
2025-04-14,La Guajira,Solar,1465.5012387372806
2025-04-15,La Guajira,Solar,1366.3090384992367
2025-04-16,La Guajira,Solar,1365.0781822932931
2025-04-17,La Guajira,Solar,1371.2019920722933
2025-04-18,La Guajira,Solar,1357.5280506327374
2025-04-19,La Guajira,Solar,1266.610606391643
2025-04-20,La Guajira,Solar,1311.6212900687162
2025-04-21,La Guajira,Solar,1230.0156300446108
2025-04-22,La Guajira,Solar,1213.9610588531732
2025-04-23,La Guajira,Solar,1156.1826745555609
2025-04-24,La Guajira,Solar,933.7358099769813
2025-04-25,La Guajira,Solar,1050.086033886354
2025-04-26,La Guajira,Solar,1016.9151956797378
2025-04-27,La Guajira,Solar,1010.3970865388825
2025-04-28,La Guajira,Solar,969.0035303130858
2025-04-29,La Guajira,Solar,1034.3388773699498
2025-04-30,La Guajira,Solar,1046.6176895358167
2025-05-01,La Guajira,Solar,1136.9820425691235
2025-05-02,La Guajira,Solar,1109.4903463151393
2025-05-03,La Guajira,Solar,1044.8958630603747
2025-05-04,La Guajira,Solar,1130.0074102801634
2025-05-05,La Guajira,Solar,1175.0366135430415
2025-05-06,La Guajira,Solar,1109.1025262508283
2025-05-07,La Guajira,Solar,1137.9484686784467
2025-05-08,La Guajira,Solar,1124.5767613568585
2025-05-09,La Guajira,Solar,1156.8181043981665
2025-05-10,La Guajira,Solar,1119.7940031107585
2025-05-11,La Guajira,Solar,1102.6139771943683
2025-05-12,La Guajira,Solar,1157.032502796025
2025-05-13,La Guajira,Solar,1137.720361585293
2025-05-14,La Guajira,Solar,1116.4277154056595
2025-05-15,La Guajira,Solar,1114.2885923763909
2025-05-16,La Guajira,Solar,1075.959101054534
2025-05-17,La Guajira,Solar,1120.6026764229573
2025-05-18,La Guajira,Solar,1080.6022219302313
2025-05-19,La Guajira,Solar,1078.8202897255546
2025-05-20,La Guajira,Solar,1045.4770284962858
2025-05-21,La Guajira,Solar,1066.9826736266868
2025-05-22,La Guajira,Solar,1078.5956283573303
2025-05-23,La Guajira,Solar,1056.791123892215
2025-05-24,La Guajira,Solar,1062.2495618786288
2025-05-25,La Guajira,Solar,1086.1700080518867
2025-05-26,La Guajira,Solar,1053.3453543624744
2025-05-27,La Guajira,Solar,1084.1360570871075
2025-05-28,La Guajira,Solar,1061.7582028792629
2025-05-29,La Guajira,Solar,1070.390535626324
2025-05-30,La Guajira,Solar,1115.4579902625997
2025-05-31,La Guajira,Solar,1072.940655254393
2025-06-01,La Guajira,Solar,1191.192461958719
2025-06-02,La Guajira,Solar,1218.3279294741524
2025-06-03,La Guajira,Solar,1188.5964537576856
2025-06-04,La Guajira,Solar,1172.672032591384
2025-06-05,La Guajira,Solar,1248.6224790170766
2025-06-06,La Guajira,Solar,1222.8280728164136
2025-06-07,La Guajira,Solar,1200.2716549208867
2025-06-08,La Guajira,Solar,1195.0310135267723
2025-06-09,La Guajira,Solar,1295.1800119997822
2025-06-10,La Guajira,Solar,1105.275354074653
2025-06-11,La Guajira,Solar,1184.9685713406357
2025-06-12,La Guajira,Solar,1285.155465301413
2025-06-13,La Guajira,Solar,1107.476993998264
2025-06-14,La Guajira,Solar,1131.7627004074943
2025-06-15,La Guajira,Solar,1180.347060521199
2025-06-16,La Guajira,Solar,1204.3339611369324
2024-12-31,Magdalena,Eólica,1226.0245554444812
2025-01-01,Magdalena,Eólica,730.6643517086964
2025-01-02,Magdalena,Eólica,806.0533050884103
2025-01-03,Magdalena,Eólica,1140.0875410609726
2025-01-04,Magdalena,Eólica,841.5822237449333
2025-01-05,Magdalena,Eólica,577.7961212413254
2025-01-06,Magdalena,Eólica,988.7467492203842
2025-01-07,Magdalena,Eólica,992.5064954317428
2025-01-08,Magdalena,Eólica,820.4628896676929
2025-01-09,Magdalena,Eólica,862.8689150502944
2025-01-10,Magdalena,Eólica,866.4603541701653
2025-01-11,Magdalena,Eólica,898.173681708311
2025-01-12,Magdalena,Eólica,850.0052795723972
2025-01-13,Magdalena,Eólica,825.8490891902671
2025-01-14,Magdalena,Eólica,872.2025371643944
2025-01-15,Magdalena,Eólica,810.9459673692317
2025-01-16,Magdalena,Eólica,802.6700519194071
2025-01-17,Magdalena,Eólica,782.6698534471914
2025-01-18,Magdalena,Eólica,842.3514111734241
2025-01-19,Magdalena,Eólica,806.8393642487057
2025-01-20,Magdalena,Eólica,714.7019892330507
2025-01-21,Magdalena,Eólica,751.7049554950605
2025-01-22,Magdalena,Eólica,821.8209049353151
2025-01-23,Magdalena,Eólica,828.6935085655645
2025-01-24,Magdalena,Eólica,699.2416270530501
2025-01-25,Magdalena,Eólica,704.0744493302199
2025-01-26,Magdalena,Eólica,817.0845829125917
2025-01-27,Magdalena,Eólica,824.8272321692339
2025-01-28,Magdalena,Eólica,730.9862365588633
2025-01-29,Magdalena,Eólica,730.5383613236032
2025-01-30,Magdalena,Eólica,856.9320651158415
2025-01-31,Magdalena,Eólica,869.8976398486678
2025-02-01,Magdalena,Eólica,859.0857103224685
2025-02-02,Magdalena,Eólica,851.255958025557
2025-02-03,Magdalena,Eólica,949.2952901306311
2025-02-04,Magdalena,Eólica,996.3864711123051
2025-02-05,Magdalena,Eólica,960.7247522077627
2025-02-06,Magdalena,Eólica,1019.4506748334991
2025-02-07,Magdalena,Eólica,1032.974744631493
2025-02-08,Magdalena,Eólica,1193.8440727173847
2025-02-09,Magdalena,Eólica,1235.4236140416533
2025-02-10,Magdalena,Eólica,1176.2453289795606
2025-02-11,Magdalena,Eólica,1179.1824033314424
2025-02-12,Magdalena,Eólica,1219.1053720873094
2025-02-13,Magdalena,Eólica,1242.2082496838052
2025-02-14,Magdalena,Eólica,1179.0446871596955
2025-02-15,Magdalena,Eólica,1181.148945675022
2025-02-16,Magdalena,Eólica,1199.0369272536907
2025-02-17,Magdalena,Eólica,1203.3409434274927
2025-02-18,Magdalena,Eólica,1180.9534761702496
2025-02-19,Magdalena,Eólica,1130.4321954581417
2025-02-20,Magdalena,Eólica,1155.6298225264952
2025-02-21,Magdalena,Eólica,1155.8236537765988
2025-02-22,Magdalena,Eólica,1137.7161261090146
2025-02-23,Magdalena,Eólica,1124.4063421853054
2025-02-24,Magdalena,Eólica,1139.9438548807468
2025-02-25,Magdalena,Eólica,1148.7235474627223
2025-02-26,Magdalena,Eólica,1134.921535100644
2025-02-27,Magdalena,Eólica,1159.2787573473834
2025-02-28,Magdalena,Eólica,1154.7288416554525
2025-03-01,Magdalena,Eólica,1174.0126772473911
2025-03-02,Magdalena,Eólica,1185.8808026799068
2025-03-03,Magdalena,Eólica,1217.217191973763
2025-03-04,Magdalena,Eólica,1265.9580162828213
2025-03-05,Magdalena,Eólica,1121.500115122775
2025-03-06,Magdalena,Eólica,1214.9001325609172
2025-03-07,Magdalena,Eólica,1300.2040300535714
2025-03-08,Magdalena,Eólica,1101.3033401524867
2025-03-09,Magdalena,Eólica,1206.4934899858388
2025-03-10,Magdalena,Eólica,1355.8632640095618
2025-03-11,Magdalena,Eólica,1118.1022536377043
2025-03-12,Magdalena,Eólica,1172.7308339260785
2025-03-13,Magdalena,Eólica,1334.6283524814153
2025-03-14,Magdalena,Eólica,1271.4286322954854
2025-03-15,Magdalena,Eólica,1061.3871601267053
2025-03-16,Magdalena,Eólica,1202.612442193175
2025-03-17,Magdalena,Eólica,1251.1084575991936
2025-03-18,Magdalena,Eólica,1099.278354982054
2025-03-19,Magdalena,Eólica,1104.3164554272846
2025-03-20,Magdalena,Eólica,1159.886775775152
2025-03-21,Magdalena,Eólica,1113.261245084421
2025-03-22,Magdalena,Eólica,1077.6254900704628
2025-03-23,Magdalena,Eólica,1131.9465239672127
2025-03-24,Magdalena,Eólica,1100.2025296456097
2025-03-25,Magdalena,Eólica,1091.973979049472
2025-03-26,Magdalena,Eólica,1106.1491071518885
2025-03-27,Magdalena,Eólica,1108.5241009119595
2025-03-28,Magdalena,Eólica,1128.1298998637817
2025-03-29,Magdalena,Eólica,1124.5325106575408
2025-03-30,Magdalena,Eólica,1117.4113477163944
2025-03-31,Magdalena,Eólica,1155.056919997804
2025-04-01,Magdalena,Eólica,1019.4582467782659
2025-04-02,Magdalena,Eólica,1052.6073417925604
2025-04-03,Magdalena,Eólica,1095.1898247343572
2025-04-04,Magdalena,Eólica,1057.6937369004359
2025-04-05,Magdalena,Eólica,1071.1644674996746
2025-04-06,Magdalena,Eólica,1094.6424245781018
2025-04-07,Magdalena,Eólica,1029.3065672906087
2025-04-08,Magdalena,Eólica,1050.970133837425
2025-04-09,Magdalena,Eólica,1106.6491669546876
2025-04-10,Magdalena,Eólica,1042.1549132379337
2025-04-11,Magdalena,Eólica,1056.6006316140702
2025-04-12,Magdalena,Eólica,1062.0922591624283
2025-04-13,Magdalena,Eólica,1086.8118248344867
2025-04-14,Magdalena,Eólica,1040.7113502932705
2025-04-15,Magdalena,Eólica,1005.9286162727554
2025-04-16,Magdalena,Eólica,1079.2433541213966
2025-04-17,Magdalena,Eólica,1022.2578768777905
2025-04-18,Magdalena,Eólica,986.4383712459571
2025-04-19,Magdalena,Eólica,1008.8925226621463
2025-04-20,Magdalena,Eólica,963.7724797897998
2025-04-21,Magdalena,Eólica,943.5229068500541
2025-04-22,Magdalena,Eólica,798.1947438162008
2025-04-23,Magdalena,Eólica,760.0116232563022
2025-04-24,Magdalena,Eólica,788.6171678733086
2025-04-25,Magdalena,Eólica,810.7800923200301
2025-04-26,Magdalena,Eólica,762.9614837536479
2025-04-27,Magdalena,Eólica,691.0731361702508
2025-04-28,Magdalena,Eólica,807.6129489753936
2025-04-29,Magdalena,Eólica,823.7738919885908
2025-04-30,Magdalena,Eólica,735.0075884097553
2025-05-01,Magdalena,Eólica,748.5855131008474
2025-05-02,Magdalena,Eólica,874.3880162962101
2025-05-03,Magdalena,Eólica,893.9472680658117
2025-05-04,Magdalena,Eólica,748.8613359420865
2025-05-05,Magdalena,Eólica,720.4203585761618
2025-05-06,Magdalena,Eólica,933.4799520686881
2025-05-07,Magdalena,Eólica,923.1837413357733
2025-05-08,Magdalena,Eólica,784.5684554928375
2025-05-09,Magdalena,Eólica,802.8019634134753
2025-05-10,Magdalena,Eólica,927.9692263283076
2025-05-11,Magdalena,Eólica,914.0455464499146
2025-05-12,Magdalena,Eólica,768.0144041891662
2025-05-13,Magdalena,Eólica,801.6545681096009
2025-05-14,Magdalena,Eólica,927.1139083682725
2025-05-15,Magdalena,Eólica,871.0451642282786
2025-05-16,Magdalena,Eólica,749.0426463290642
2025-05-17,Magdalena,Eólica,767.4086346235343
2025-05-18,Magdalena,Eólica,869.2020032825435
2025-05-19,Magdalena,Eólica,823.1570974522482
2025-05-20,Magdalena,Eólica,683.2543026003239
2025-05-21,Magdalena,Eólica,703.4262690948841
2025-05-22,Magdalena,Eólica,855.9596834888335
2025-05-23,Magdalena,Eólica,798.4929690952915
2025-05-24,Magdalena,Eólica,682.1470756950887
2025-05-25,Magdalena,Eólica,806.6415595511756
2025-05-26,Magdalena,Eólica,822.0869737162633
2025-05-27,Magdalena,Eólica,757.1438196246226
2025-05-28,Magdalena,Eólica,704.2964642121404
2025-05-29,Magdalena,Eólica,886.9382142126443
2025-05-30,Magdalena,Eólica,860.8570252226481
2025-05-31,Magdalena,Eólica,710.5322737597761
2025-06-01,Magdalena,Eólica,806.199138053326
2025-06-02,Magdalena,Eólica,940.9955608475298
2025-06-03,Magdalena,Eólica,829.4735412044037
2025-06-04,Magdalena,Eólica,770.5802713417227
2025-06-05,Magdalena,Eólica,945.4611681604658
2025-06-06,Magdalena,Eólica,1005.1702225502868
2025-06-07,Magdalena,Eólica,866.3242825339835
2025-06-08,Magdalena,Eólica,925.8613244314386
2025-06-09,Magdalena,Eólica,997.4853929307667
2025-06-10,Magdalena,Eólica,943.2425080185794
2025-06-11,Magdalena,Eólica,930.7153543447901
2025-06-12,Magdalena,Eólica,960.9606593440785
2025-06-13,Magdalena,Eólica,959.6141685774467
2025-06-14,Magdalena,Eólica,946.3570642534886
2025-06-15,Magdalena,Eólica,935.8264722273348
2025-06-16,Magdalena,Eólica,914.0766410865491
2024-12-31,Magdalena,Solar,1648.4987542789822
2025-01-01,Magdalena,Solar,1417.250410336551
2025-01-02,Magdalena,Solar,1320.2333928562136
2025-01-03,Magdalena,Solar,1499.6780845735284
2025-01-04,Magdalena,Solar,1479.7381390314695
2025-01-05,Magdalena,Solar,1383.098232056055
2025-01-06,Magdalena,Solar,1504.5702829266936
2025-01-07,Magdalena,Solar,1466.0053151290795
2025-01-08,Magdalena,Solar,1549.5262682570212
2025-01-09,Magdalena,Solar,1479.9677570207373
2025-01-10,Magdalena,Solar,1498.0296194681164
2025-01-11,Magdalena,Solar,1498.406988583977
2025-01-12,Magdalena,Solar,1460.072794030096
2025-01-13,Magdalena,Solar,1414.3038870322737
2025-01-14,Magdalena,Solar,1424.388524687075
2025-01-15,Magdalena,Solar,1459.1349704999066
2025-01-16,Magdalena,Solar,1350.8258480923657
2025-01-17,Magdalena,Solar,1432.5878266125314
2025-01-18,Magdalena,Solar,1369.1932715970881
2025-01-19,Magdalena,Solar,1391.8048888726807
2025-01-20,Magdalena,Solar,1403.8526078272287
2025-01-21,Magdalena,Solar,1372.8089926274888
2025-01-22,Magdalena,Solar,1346.5815593491468
2025-01-23,Magdalena,Solar,1336.3386011057037
2025-01-24,Magdalena,Solar,1374.9443219223203
2025-01-25,Magdalena,Solar,1350.6073877857673
2025-01-26,Magdalena,Solar,1360.8479744940014
2025-01-27,Magdalena,Solar,1388.8335139382043
2025-01-28,Magdalena,Solar,1390.9847904732264
2025-01-29,Magdalena,Solar,1434.6691435293244
2025-01-30,Magdalena,Solar,1387.4536376876465
2025-01-31,Magdalena,Solar,1443.6151474870237
2025-02-01,Magdalena,Solar,1527.5041890867094
2025-02-02,Magdalena,Solar,1617.9474824296144
2025-02-03,Magdalena,Solar,1549.3041434720803
2025-02-04,Magdalena,Solar,1529.4589492084717
2025-02-05,Magdalena,Solar,1734.7702347100876
2025-02-06,Magdalena,Solar,1690.6107108309423
2025-02-07,Magdalena,Solar,1626.129965805775
2025-02-08,Magdalena,Solar,1679.5772650183121
2025-02-09,Magdalena,Solar,1695.3194254535983
2025-02-10,Magdalena,Solar,1640.0153125755014
2025-02-11,Magdalena,Solar,1680.556438335571
2025-02-12,Magdalena,Solar,1614.836441503165
2025-02-13,Magdalena,Solar,1635.2522164901955
2025-02-14,Magdalena,Solar,1578.713573188274
2025-02-15,Magdalena,Solar,1535.4616464861358
2025-02-16,Magdalena,Solar,1517.855040932972
2025-02-17,Magdalena,Solar,1605.2802824026037
2025-02-18,Magdalena,Solar,1580.4228773360753
2025-02-19,Magdalena,Solar,1465.6289420405963
2025-02-20,Magdalena,Solar,1548.5163747049269
2025-02-21,Magdalena,Solar,1592.957841042842
2025-02-22,Magdalena,Solar,1469.3085790538423
2025-02-23,Magdalena,Solar,1520.1254514478412
2025-02-24,Magdalena,Solar,1485.2772813515624
2025-02-25,Magdalena,Solar,1514.5514421080557
2025-02-26,Magdalena,Solar,1462.7719224739953
2025-02-27,Magdalena,Solar,1558.3362383993992
2025-02-28,Magdalena,Solar,1526.4504031777074
2025-03-01,Magdalena,Solar,1559.2046271067152
2025-03-02,Magdalena,Solar,1496.7539165520163
2025-03-03,Magdalena,Solar,1580.6886312788802
2025-03-04,Magdalena,Solar,1581.0953710359192
2025-03-05,Magdalena,Solar,1619.408580599725
2025-03-06,Magdalena,Solar,1645.3368217465672
2025-03-07,Magdalena,Solar,1604.530521131494
2025-03-08,Magdalena,Solar,1615.2067422186174
2025-03-09,Magdalena,Solar,1668.1319870652349
2025-03-10,Magdalena,Solar,1671.603331753451
2025-03-11,Magdalena,Solar,1680.7691900514421
2025-03-12,Magdalena,Solar,1689.9029010840472
2025-03-13,Magdalena,Solar,1662.8378192008167
2025-03-14,Magdalena,Solar,1717.8258116066172
2025-03-15,Magdalena,Solar,1566.9369589542869
2025-03-16,Magdalena,Solar,1574.6882969453106
2025-03-17,Magdalena,Solar,1645.5405362585948
2025-03-18,Magdalena,Solar,1568.8696771573502
2025-03-19,Magdalena,Solar,1466.8311439477848
2025-03-20,Magdalena,Solar,1549.0621910263567
2025-03-21,Magdalena,Solar,1501.9731331847613
2025-03-22,Magdalena,Solar,1504.3205571985193
2025-03-23,Magdalena,Solar,1460.19155564477
2025-03-24,Magdalena,Solar,1513.6805107711375
2025-03-25,Magdalena,Solar,1453.1486193465025
2025-03-26,Magdalena,Solar,1475.9186540744863
2025-03-27,Magdalena,Solar,1469.5930833691734
2025-03-28,Magdalena,Solar,1477.9994516909069
2025-03-29,Magdalena,Solar,1514.759620175073
2025-03-30,Magdalena,Solar,1525.241231678281
2025-03-31,Magdalena,Solar,1544.4075716711147
2025-04-01,Magdalena,Solar,1357.8834396583907
2025-04-02,Magdalena,Solar,1413.1848887488989
2025-04-03,Magdalena,Solar,1479.5029347551663
2025-04-04,Magdalena,Solar,1447.4881196193983
2025-04-05,Magdalena,Solar,1330.947156519061
2025-04-06,Magdalena,Solar,1424.117080241915
2025-04-07,Magdalena,Solar,1452.1473076596242
2025-04-08,Magdalena,Solar,1368.4438370849114
2025-04-09,Magdalena,Solar,1436.4093399714156
2025-04-10,Magdalena,Solar,1381.505058587148
2025-04-11,Magdalena,Solar,1455.0454831954235
2025-04-12,Magdalena,Solar,1350.221759340682
2025-04-13,Magdalena,Solar,1437.5575045127903
2025-04-14,Magdalena,Solar,1346.0001980067254
2025-04-15,Magdalena,Solar,1400.5639993337004
2025-04-16,Magdalena,Solar,1352.9922115720733
2025-04-17,Magdalena,Solar,1348.5176966500778
2025-04-18,Magdalena,Solar,1352.0426017289935
2025-04-19,Magdalena,Solar,1302.1012910673135
2025-04-20,Magdalena,Solar,1249.920789534935
2025-04-21,Magdalena,Solar,1221.3751890820074
2025-04-22,Magdalena,Solar,1159.3080958655944
2025-04-23,Magdalena,Solar,915.1485495945744
2025-04-24,Magdalena,Solar,1033.9707635637728
2025-04-25,Magdalena,Solar,1056.246724034641
2025-04-26,Magdalena,Solar,1002.1994181500575
2025-04-27,Magdalena,Solar,986.2241402642582
2025-04-28,Magdalena,Solar,1035.456243942338
2025-04-29,Magdalena,Solar,1031.9477047555506
2025-04-30,Magdalena,Solar,1063.5959546458564
2025-05-01,Magdalena,Solar,1131.2342937853641
2025-05-02,Magdalena,Solar,1098.023562033437
2025-05-03,Magdalena,Solar,1064.2297738162754
2025-05-04,Magdalena,Solar,1125.2347751775962
2025-05-05,Magdalena,Solar,1150.7661921730814
2025-05-06,Magdalena,Solar,1096.483744482056
2025-05-07,Magdalena,Solar,1117.7353446391778
2025-05-08,Magdalena,Solar,1135.6212147253543
2025-05-09,Magdalena,Solar,1139.458064904138
2025-05-10,Magdalena,Solar,1114.1019019600892
2025-05-11,Magdalena,Solar,1127.7637873036147
2025-05-12,Magdalena,Solar,1141.2882028533766
2025-05-13,Magdalena,Solar,1118.0481244845842
2025-05-14,Magdalena,Solar,1119.699765685606
2025-05-15,Magdalena,Solar,1098.3613581966436
2025-05-16,Magdalena,Solar,1096.5285337855805
2025-05-17,Magdalena,Solar,1061.687697124749
2025-05-18,Magdalena,Solar,1111.3129884813802
2025-05-19,Magdalena,Solar,1047.6593450891428
2025-05-20,Magdalena,Solar,1060.330248295844
2025-05-21,Magdalena,Solar,1081.95358230308
2025-05-22,Magdalena,Solar,1040.3126229290672
2025-05-23,Magdalena,Solar,1039.3523166781856
2025-05-24,Magdalena,Solar,1041.4849718061294
2025-05-25,Magdalena,Solar,1079.2059130619418
2025-05-26,Magdalena,Solar,1068.3740569252795
2025-05-27,Magdalena,Solar,1044.9005041574121
2025-05-28,Magdalena,Solar,1108.7360081060303
2025-05-29,Magdalena,Solar,1087.577818759547
2025-05-30,Magdalena,Solar,1050.556963732503
2025-05-31,Magdalena,Solar,1110.6497670518286
2025-06-01,Magdalena,Solar,1201.6448546068189
2025-06-02,Magdalena,Solar,1233.1791809548058
2025-06-03,Magdalena,Solar,1189.516354962288
2025-06-04,Magdalena,Solar,1179.2798225020222
2025-06-05,Magdalena,Solar,1265.8620048645528
2025-06-06,Magdalena,Solar,1182.4701179592896
2025-06-07,Magdalena,Solar,1208.7252146561682
2025-06-08,Magdalena,Solar,1267.1986489518833
2025-06-09,Magdalena,Solar,1072.3423114045768
2025-06-10,Magdalena,Solar,1179.0972631849754
2025-06-11,Magdalena,Solar,1271.3425529284737
2025-06-12,Magdalena,Solar,1145.40071019713
2025-06-13,Magdalena,Solar,1113.2762470590326
2025-06-14,Magdalena,Solar,1248.0850888209181
2025-06-15,Magdalena,Solar,1177.3175835725406
2025-06-16,Magdalena,Solar,1057.6997644724092
